<?xml version="1.0" encoding="UTF-8"?><font><info face="BigCampus" size="72" bold="0" italic="0" charset="" unicode="1" stretchH="100" smooth="1" aa="1" padding="1,1,1,1" spacing="1,1"/><common lineHeight="72" base="72" scaleW="544" scaleH="544" pages="1" packed="0"/><pages><page id="0" file="university.png"/></pages><chars count="91"><char id="32" x="0" y="0" width="0" height="0" xoffset="0" yoffset="0" xadvance="14" page="0" chnl="15"/><char id="33" x="515" y="261" width="10" height="52" xoffset="7" yoffset="22" xadvance="24" page="0" chnl="15"/><char id="34" x="376" y="443" width="51" height="31" xoffset="1" yoffset="-3" xadvance="54" page="0" chnl="15"/><char id="35" x="436" y="487" width="36" height="52" xoffset="0" yoffset="22" xadvance="36" page="0" chnl="15"/><char id="36" x="246" y="483" width="32" height="59" xoffset="2" yoffset="19" xadvance="36" page="0" chnl="15"/><char id="37" x="314" y="489" width="58" height="53" xoffset="1" yoffset="22" xadvance="60" page="0" chnl="15"/><char id="38" x="376" y="353" width="54" height="52" xoffset="1" yoffset="22" xadvance="57" page="0" chnl="15"/><char id="39" x="515" y="52" width="20" height="31" xoffset="1" yoffset="-3" xadvance="23" page="0" chnl="15"/><char id="40" x="80" y="185" width="23" height="68" xoffset="1" yoffset="21" xadvance="24" page="0" chnl="15"/><char id="41" x="80" y="254" width="23" height="68" xoffset="0" yoffset="21" xadvance="24" page="0" chnl="15"/><char id="42" x="80" y="79" width="28" height="31" xoffset="4" yoffset="21" xadvance="36" page="0" chnl="15"/><char id="43" x="376" y="475" width="41" height="41" xoffset="0" yoffset="28" xadvance="41" page="0" chnl="15"/><char id="44" x="80" y="514" width="20" height="30" xoffset="1" yoffset="44" xadvance="23" page="0" chnl="15"/><char id="45" x="436" y="0" width="41" height="20" xoffset="1" yoffset="33" xadvance="43" page="0" chnl="15"/><char id="46" x="515" y="84" width="20" height="20" xoffset="1" yoffset="47" xadvance="23" page="0" chnl="15"/><char id="47" x="80" y="460" width="23" height="53" xoffset="-1" yoffset="21" xadvance="21" page="0" chnl="15"/><char id="48" x="246" y="237" width="61" height="81" xoffset="1" yoffset="-7" xadvance="64" page="0" chnl="15"/><char id="49" x="478" y="0" width="36" height="81" xoffset="1" yoffset="-7" xadvance="38" page="0" chnl="15"/><char id="50" x="246" y="319" width="61" height="81" xoffset="1" yoffset="-7" xadvance="64" page="0" chnl="15"/><char id="51" x="246" y="401" width="61" height="81" xoffset="1" yoffset="-7" xadvance="64" page="0" chnl="15"/><char id="52" x="179" y="79" width="66" height="81" xoffset="1" yoffset="-7" xadvance="69" page="0" chnl="15"/><char id="53" x="314" y="0" width="61" height="81" xoffset="1" yoffset="-7" xadvance="64" page="0" chnl="15"/><char id="54" x="314" y="82" width="61" height="81" xoffset="1" yoffset="-7" xadvance="64" page="0" chnl="15"/><char id="55" x="314" y="164" width="61" height="81" xoffset="1" yoffset="-7" xadvance="64" page="0" chnl="15"/><char id="56" x="314" y="246" width="61" height="81" xoffset="1" yoffset="-7" xadvance="64" page="0" chnl="15"/><char id="57" x="314" y="328" width="61" height="81" xoffset="1" yoffset="-7" xadvance="64" page="0" chnl="15"/><char id="58" x="478" y="501" width="11" height="36" xoffset="5" yoffset="38" xadvance="21" page="0" chnl="15"/><char id="59" x="515" y="213" width="13" height="47" xoffset="4" yoffset="38" xadvance="21" page="0" chnl="15"/><char id="61" x="0" y="528" width="41" height="16" xoffset="0" yoffset="40" xadvance="41" page="0" chnl="15"/><char id="63" x="515" y="0" width="29" height="51" xoffset="2" yoffset="23" xadvance="32" page="0" chnl="15"/><char id="64" x="179" y="477" width="64" height="67" xoffset="2" yoffset="21" xadvance="67" page="0" chnl="15"/><char id="65" x="0" y="237" width="69" height="78" xoffset="1" yoffset="-4" xadvance="71" page="0" chnl="15"/><char id="66" x="179" y="161" width="64" height="78" xoffset="1" yoffset="-4" xadvance="67" page="0" chnl="15"/><char id="67" x="314" y="410" width="59" height="78" xoffset="1" yoffset="-4" xadvance="62" page="0" chnl="15"/><char id="68" x="179" y="240" width="64" height="78" xoffset="1" yoffset="-4" xadvance="67" page="0" chnl="15"/><char id="69" x="179" y="319" width="64" height="78" xoffset="1" yoffset="-4" xadvance="67" page="0" chnl="15"/><char id="70" x="179" y="398" width="64" height="78" xoffset="1" yoffset="-4" xadvance="67" page="0" chnl="15"/><char id="71" x="376" y="0" width="59" height="78" xoffset="1" yoffset="-4" xadvance="62" page="0" chnl="15"/><char id="72" x="0" y="316" width="69" height="78" xoffset="1" yoffset="-4" xadvance="71" page="0" chnl="15"/><char id="73" x="478" y="348" width="30" height="78" xoffset="1" yoffset="-4" xadvance="32" page="0" chnl="15"/><char id="74" x="249" y="0" width="64" height="78" xoffset="1" yoffset="-4" xadvance="67" page="0" chnl="15"/><char id="75" x="0" y="395" width="69" height="78" xoffset="1" yoffset="-4" xadvance="71" page="0" chnl="15"/><char id="76" x="246" y="79" width="64" height="78" xoffset="1" yoffset="-4" xadvance="67" page="0" chnl="15"/><char id="77" x="0" y="79" width="79" height="78" xoffset="1" yoffset="-4" xadvance="81" page="0" chnl="15"/><char id="78" x="109" y="0" width="69" height="78" xoffset="1" yoffset="-4" xadvance="71" page="0" chnl="15"/><char id="79" x="376" y="79" width="59" height="78" xoffset="1" yoffset="-4" xadvance="62" page="0" chnl="15"/><char id="80" x="246" y="158" width="64" height="78" xoffset="1" yoffset="-4" xadvance="67" page="0" chnl="15"/><char id="81" x="376" y="158" width="59" height="78" xoffset="1" yoffset="-4" xadvance="62" page="0" chnl="15"/><char id="82" x="109" y="79" width="69" height="78" xoffset="1" yoffset="-4" xadvance="71" page="0" chnl="15"/><char id="83" x="376" y="237" width="59" height="78" xoffset="1" yoffset="-4" xadvance="62" page="0" chnl="15"/><char id="84" x="0" y="158" width="79" height="78" xoffset="1" yoffset="-4" xadvance="81" page="0" chnl="15"/><char id="85" x="109" y="158" width="69" height="78" xoffset="1" yoffset="-4" xadvance="71" page="0" chnl="15"/><char id="86" x="109" y="237" width="69" height="78" xoffset="1" yoffset="-4" xadvance="71" page="0" chnl="15"/><char id="87" x="0" y="0" width="108" height="78" xoffset="1" yoffset="-4" xadvance="111" page="0" chnl="15"/><char id="88" x="109" y="316" width="69" height="78" xoffset="1" yoffset="-4" xadvance="71" page="0" chnl="15"/><char id="89" x="109" y="395" width="69" height="78" xoffset="1" yoffset="-4" xadvance="71" page="0" chnl="15"/><char id="90" x="179" y="0" width="69" height="78" xoffset="1" yoffset="-4" xadvance="71" page="0" chnl="15"/><char id="91" x="132" y="474" width="19" height="65" xoffset="4" yoffset="22" xadvance="24" page="0" chnl="15"/><char id="93" x="152" y="474" width="19" height="65" xoffset="1" yoffset="22" xadvance="24" page="0" chnl="15"/><char id="94" x="376" y="517" width="34" height="27" xoffset="0" yoffset="23" xadvance="34" page="0" chnl="15"/><char id="95" x="0" y="379" width="0" height="0" xoffset="0" yoffset="0" xadvance="36" page="0" chnl="15"/><char id="97" x="478" y="276" width="32" height="36" xoffset="1" yoffset="38" xadvance="32" page="0" chnl="15"/><char id="98" x="436" y="328" width="37" height="53" xoffset="-2" yoffset="21" xadvance="36" page="0" chnl="15"/><char id="99" x="478" y="427" width="30" height="36" xoffset="1" yoffset="38" xadvance="32" page="0" chnl="15"/><char id="100" x="436" y="382" width="37" height="53" xoffset="1" yoffset="21" xadvance="36" page="0" chnl="15"/><char id="101" x="478" y="464" width="30" height="36" xoffset="1" yoffset="38" xadvance="32" page="0" chnl="15"/><char id="102" x="478" y="223" width="32" height="52" xoffset="1" yoffset="21" xadvance="24" page="0" chnl="15"/><char id="103" x="478" y="134" width="35" height="51" xoffset="1" yoffset="37" xadvance="36" page="0" chnl="15"/><char id="104" x="436" y="75" width="38" height="53" xoffset="-1" yoffset="21" xadvance="36" page="0" chnl="15"/><char id="105" x="515" y="105" width="19" height="53" xoffset="1" yoffset="21" xadvance="21" page="0" chnl="15"/><char id="106" x="80" y="392" width="23" height="67" xoffset="-7" yoffset="21" xadvance="21" page="0" chnl="15"/><char id="107" x="436" y="21" width="39" height="53" xoffset="-1" yoffset="21" xadvance="36" page="0" chnl="15"/><char id="108" x="515" y="159" width="19" height="53" xoffset="1" yoffset="21" xadvance="21" page="0" chnl="15"/><char id="109" x="376" y="316" width="58" height="36" xoffset="-1" yoffset="38" xadvance="57" page="0" chnl="15"/><char id="110" x="436" y="180" width="38" height="36" xoffset="-1" yoffset="38" xadvance="36" page="0" chnl="15"/><char id="111" x="478" y="186" width="34" height="36" xoffset="1" yoffset="38" xadvance="36" page="0" chnl="15"/><char id="112" x="436" y="436" width="37" height="50" xoffset="-2" yoffset="38" xadvance="36" page="0" chnl="15"/><char id="113" x="478" y="82" width="36" height="51" xoffset="1" yoffset="37" xadvance="36" page="0" chnl="15"/><char id="114" x="80" y="111" width="27" height="36" xoffset="-1" yoffset="38" xadvance="24" page="0" chnl="15"/><char id="115" x="80" y="148" width="25" height="36" xoffset="2" yoffset="38" xadvance="29" page="0" chnl="15"/><char id="116" x="279" y="483" width="23" height="45" xoffset="-1" yoffset="29" xadvance="21" page="0" chnl="15"/><char id="117" x="436" y="217" width="38" height="36" xoffset="-1" yoffset="38" xadvance="36" page="0" chnl="15"/><char id="118" x="436" y="254" width="38" height="36" xoffset="-1" yoffset="38" xadvance="36" page="0" chnl="15"/><char id="119" x="376" y="406" width="54" height="36" xoffset="-1" yoffset="38" xadvance="52" page="0" chnl="15"/><char id="120" x="436" y="291" width="38" height="36" xoffset="-1" yoffset="38" xadvance="36" page="0" chnl="15"/><char id="121" x="436" y="129" width="38" height="50" xoffset="-1" yoffset="38" xadvance="36" page="0" chnl="15"/><char id="122" x="478" y="313" width="32" height="34" xoffset="0" yoffset="39" xadvance="32" page="0" chnl="15"/><char id="123" x="80" y="323" width="23" height="68" xoffset="8" yoffset="21" xadvance="35" page="0" chnl="15"/><char id="124" x="70" y="237" width="6" height="67" xoffset="4" yoffset="21" xadvance="15" page="0" chnl="15"/><char id="125" x="109" y="474" width="22" height="68" xoffset="5" yoffset="21" xadvance="35" page="0" chnl="15"/><char id="8470" x="0" y="474" width="69" height="53" xoffset="-1" yoffset="22" xadvance="69" page="0" chnl="15"/></chars><kernings count="7"><kerning first="55" second="74" amount="-7"/><kerning first="70" second="74" amount="-11"/><kerning first="76" second="55" amount="-7"/><kerning first="76" second="84" amount="-16"/><kerning first="76" second="89" amount="-11"/><kerning first="84" second="74" amount="-16"/><kerning first="89" second="74" amount="-11"/></kernings></font>